,Customer Name,Date,Ratings,Review Title,Reviews
0,Anand,Reviewed in India ğŸ‡®ğŸ‡³ on 11 July 2022,5.0 ,"Small, not too heavy, good looking.","Hi guys! Bought this yesterday, so havenâ€™t used it much, so an early review. But the most detailed review so please read till the end. Very important points are mentioned.Looks are cute! It looks really nice and elegant. I am using it with a MacBook Air. So far it seems there are no problems using it. The scrolling is smooth, connection does not drop, and there is no lag. Connection is instant. There is no pairing required. It's plug and play along with the dongle provided with it.It sits low on the table, feels weighty but not in a wrong way. The battery adds to it's weight, but I have used heavier mice before, and this one feels just right. It has good grip. Nothing to complain about that.Buttons are nice and clicks are satisfactory, not too noisy; they are just right. Scroll wheel doesn't feel cheap at all, though I believe it could've been better quality. Body is matt finish and doesn't leave fingerprints on it, though if you're someone who eats and handles the mouse, then it'll show the oil prints and that's true with any peripherals. The mouse doesn't feel cheap overall, but it is definitely plasticky, though not in the bad sense. It is definitely not cheap looks wise.There is an on, off switch on the bottom which is helpful in saving the battery (which is included) when the mouse is not in use. There is no light on the bottom which is good if you have kids in the house who keep flipping the mouse and staring at the super bright light. So that's a good thing and a definite plus! The overall shape and size works in the favour of the mouse, and a variety of users with small and large palms will be satisfied with it.Now over to a major flaw. The mouse connects only though it's own usb dongle (which by the way comes tucked inside the body of the mouse itself, inside the battery door, which I found mighty impressive) and not through the laptop's bluetooth. Now this means two things- 1. You have to carry around the usb dongle with you everywhere you go, which means if you happen to forget it at home while traveling and carry just the mouse, then the mouse is pretty much useless in that scenario. And worse still, if you happen to carry it out of station with you and bring back only the mouse and forget to pack the dongle, then you're stuck and I don't think you get only the dongle (you'll have to check that with the seller), and  then the mouse is left useless in that case. 2. Now over to  the problem I am facing, which I did not see anyone else mention in their reviews. I use a MacBook, so it doesn't have USB-C inputs, which means you must buy a connector for it to connect the dongle. I actually had already bought a connector so that was not a problem for me, but you will have to factor in the cost of the connector, which is not cheap, because you want to buy only good quality connector for your expensive MacBook. Of course that is a problem with the MacBook and not with the mouse, but consider this point. It is very important. It will NOT connect over MacBook's Bluetooth. Otherwise, it works well with the MacBook. The only caveat I found is the tracking speed on level 2 is too slow and on level 3 is too fast. You'll have to get used to that thing. It doesn't feel very natural (as the trackpad on the MacBook feels) because of that speed problem, but otherwise, the pointer flows smoothly on screen and doesn't jump around, at least with my mouse. Also, the battery door does make a noise when landing the mouse on the pad, and I feel it could have been made better. But I guess at the cost, you really can't complain too much.Overall, I think a good buy, but the compulsion of having to use it with it's own dongle is a major drawback I feel. If that doesn't bother you, then nothing else should keep you from buying this product, especially since it is one of the cheapest wireless mice out there at less than 600 bucks, which is what it cost me."
1,Anand,Reviewed in India ğŸ‡®ğŸ‡³ on 16 March 2023,4.0 ,Good,Good mouse but the mouse wheel started making noise after a few weeks of use
2,Adharsh Prakash,Reviewed in India ğŸ‡®ğŸ‡³ on 28 March 2023,4.0 ,Value for money,Make pointer motion bit fast in windows settings and its a fine vfm mouse.
3,..:: m a n i ::..,Reviewed in India ğŸ‡®ğŸ‡³ on 27 February 2023,4.0 ,Purchase this 3'rd time,"from last 4 years using this mouse constantly, life of the mouse is somewhat1-2 years, but in last 2 purchases i lost the scroll button too fast and it' useless when you surf the web all the day and you have to drag the side bar coz the scroll button dead, disappointed this time overall other features are great."
4,Sadam Visar,Reviewed in India ğŸ‡®ğŸ‡³ on 9 March 2023,4.0 ,Good Quality Mouse,Good Product Easy To hold & Carry
5,Venus gupta,Reviewed in India ğŸ‡®ğŸ‡³ on 4 March 2023,4.0 ,Designa and Performance,"A design that fits well in the hand , Easy to connect and use.. Good quality product"
6,Ajeesh Raj,Reviewed in India ğŸ‡®ğŸ‡³ on 6 March 2023,4.0 ,good,good
7,Arees,Reviewed in India ğŸ‡®ğŸ‡³ on 26 February 2023,4.0 ,Good quality,A good quality wireless mouse
8,sakshi,Reviewed in India ğŸ‡®ğŸ‡³ on 6 March 2023,4.0 ,Little expensive.,Everything is fine but its little small in size and uncomfortable to hold.
9,Satyam.sp,Reviewed in India ğŸ‡®ğŸ‡³ on 23 February 2023,4.0 ,Good product,Don't have vedio
10,Raju,Reviewed in India ğŸ‡®ğŸ‡³ on 24 February 2023,4.0 ,Very good bulid quality,Worth every penny
11,Raju,Reviewed in India ğŸ‡®ğŸ‡³ on 24 February 2023,4.0 ,Nice,Nice product value of money and I am happy with that
12,Nitin Rana,Reviewed in India ğŸ‡®ğŸ‡³ on 18 February 2023,4.0 ,Working good,Mouse is looking nice and also comparable to work on regular basis. I would like to recommen this product. Thanks
13,Vipin Sangwan,Reviewed in India ğŸ‡®ğŸ‡³ on 29 March 2023,5.0 ,Mouse,"good quality, easy to connect and material quality to hold is smooth"
14,koteswararao yarra,Reviewed in India ğŸ‡®ğŸ‡³ on 4 April 2023,5.0 ,smooth,The product has continuously worked really good.
15,Alexx,Reviewed in India ğŸ‡®ğŸ‡³ on 16 February 2023,4.0 ,It was a good product.,It's a nice and useful product for those who love convenient products.
16,Kunal shankar,Reviewed in India ğŸ‡®ğŸ‡³ on 31 March 2023,5.0 ,Nice and value for moneyğŸ‘ğŸ‘,To use this mouse is very handy
17,Kunal shankar,Reviewed in India ğŸ‡®ğŸ‡³ on 17 February 2023,4.0 ,Good as expected.,"I am using this mouse from 8 months and have to change its battery once after 6 months, and everything is working fine good product at great price reliable product go for it."
18,Amazon Customer,Reviewed in India ğŸ‡®ğŸ‡³ on 17 March 2023,5.0 ,Value for money,"Working fine, using for since last 4 months but still battery is not empty, mean to say good battery life.Both scrolling and clicking work fine.Only I would expect the sound less click, otherwise value for money."
19,Ravinder,Reviewed in India ğŸ‡®ğŸ‡³ on 20 February 2023,4.0 ,Good,Good
20,ArS,Reviewed in India ğŸ‡®ğŸ‡³ on 17 March 2023,5.0 ,Great!,The mouse is great and works perfect. Only feedback to give is I wish it would have that light underneath that indicates it is on.
21,Praveen Pawar,Reviewed in India ğŸ‡®ğŸ‡³ on 30 March 2023,5.0 ,Value for Money,Fantastic connectivity with laptop and easy to use
22,Nithila Guruprakash,Reviewed in India ğŸ‡®ğŸ‡³ on 31 March 2023,5.0 ,High Quality  and Effective,High Quality  and Effective
23,Shoun chongloi,Reviewed in India ğŸ‡®ğŸ‡³ on 3 April 2023,5.0 ,Very good,Beat mouse
24,Datta narayan Adhikary,Reviewed in India ğŸ‡®ğŸ‡³ on 9 February 2023,4.0 ,Also good,It's comfortable but not better
25,Kajal Mishra,Reviewed in India ğŸ‡®ğŸ‡³ on 8 February 2023,4.0 ,Nice ğŸ‘,Very nice easy to handle
26,Kajal Mishra,Reviewed in India ğŸ‡®ğŸ‡³ on 15 March 2023,5.0 ,Awesome.,Wonderful design. Nice Curve- slopes downward. Connects seamlessly. The usb connector is inside the mouse ( I missed it until someone told me how to locate it). Easy to operate. And glides smoothly on the mouse pad. What else do you want. Close your eyes & go for it. It's Logitech.
27,Amit P,Reviewed in India ğŸ‡®ğŸ‡³ on 26 March 2023,5.0 ,Smooth and does the job well,"Smooth and does the job well. Simple plug and play installation. Is not the most compact, but small enough"
28,Moh.shahid,Reviewed in India ğŸ‡®ğŸ‡³ on 26 March 2023,5.0 ,itâ€™s mine blowing.,"i like that product, i am impressed fully"
29,Aaron,Reviewed in India ğŸ‡®ğŸ‡³ on 10 March 2023,5.0 ,The BEST,Comfortable and easy to use. I've been using for more than a year and i have faced no issues. Works just the way it's supposed to. Go for itğŸ‘
30,Sathish.K,Reviewed in India ğŸ‡®ğŸ‡³ on 25 March 2023,5.0 ,super cool !,One of the best seller in wireless mouse. compact and easy to handle. Very good product
31,Chintamani Tukaram Jagtap,Reviewed in India ğŸ‡®ğŸ‡³ on 7 February 2023,4.0 ,Good for normal use,No issues almost year. Work almost every surface.
32,gowrishankar,Reviewed in India ğŸ‡®ğŸ‡³ on 30 March 2023,5.0 ,Best products,Very good products
33,Kp Singh ,Reviewed in India ğŸ‡®ğŸ‡³ on 25 February 2023,4.0 ,Good,
34,Nilesh K Mane,Reviewed in India ğŸ‡®ğŸ‡³ on 31 March 2023,5.0 ,Good quality!,The media could not be loaded.
35,Satish,Reviewed in India ğŸ‡®ğŸ‡³ on 23 March 2023,5.0 ,Nice,Thank you for the quality product sent.
36,Victor C.,Reviewed in India ğŸ‡®ğŸ‡³ on 18 March 2023,3.0 ,This mouse has started squeaking post 3 month.. right and left buttons still work though.,Value of Money
37,Amazon Customer,Reviewed in India ğŸ‡®ğŸ‡³ on 29 March 2023,3.0 ,Not worth,"THis mouse would not work for you if you expect it to work without issues post 4 months of normal office usage. Otherwise, it looks good. It is small one though, so expect fist pain if working with it for long hours. Maybe wired ones are actually better. ANyways moving on.."
38,IMRAN KHAN,Reviewed in India ğŸ‡®ğŸ‡³ on 28 March 2023,5.0 ,GOOD PRODUCT,this mouse comfort and easily work doing but mouse more upgrade?
39,IMRAN KHAN,Reviewed in India ğŸ‡®ğŸ‡³ on 29 January 2023,4.0 ,gripping far for better,"Battery life is too good, and I felt this is the best product ever used"
40,Mayank Singh,Reviewed in India ğŸ‡®ğŸ‡³ on 14 March 2023,5.0 ,Excellent,ExcellentğŸ‘
41,Karan,Reviewed in India ğŸ‡®ğŸ‡³ on 23 March 2023,5.0 ,Good productğŸ‘,Seems to be of lower build quality but is fine
42,Rajan P.,Reviewed in India ğŸ‡®ğŸ‡³ on 24 January 2023,4.0 ,Ok,"Mouse is good, There is invisible light at bottom to detect scroll movement, this light cam be seen through mobile cameraMouse scroll button has issue, it makes noise everytime I scroll it. And that noise is like wheel which has not been oiled since years."
43,ARUN BABU,Reviewed in India ğŸ‡®ğŸ‡³ on 14 January 2023,4.0 ,"Good mouse, but scroll button makes noise",Good for those who prefer small size mouse. Did not face a problem in a year.
44,vikram,Reviewed in India ğŸ‡®ğŸ‡³ on 20 January 2023,4.0 ,Budget Mouse,"I used it almost every day for my designing work on my laptop, I liked the design, i liked the sensor with invisible red light which is found in most of the mouse devices which will give a long life battery consumption."
45,Shivam Patel,Reviewed in India ğŸ‡®ğŸ‡³ on 11 January 2023,4.0 ,"Stopped working after 1 year, showing",Easy to hold.. But the clicking sound is little annoying
46,Naveen Kumar,Reviewed in India ğŸ‡®ğŸ‡³ on 17 March 2023,5.0 ,Easy to use,The scroller of the mouse stopped working just after little over 2 months from the date of receiving the mouse.Really a waste of money on this model of mouse.
47,Ronak Patel,18 March 2023,5.0 ,Great product...,great product and nice connectivity
48,Vedanti D.,20 March 2023,5.0 ,Easy to use,Easy to use
49,9905264540,16 March 2023,5.0 ,Nice holding and smooth,Nice product...
50,9905264540,31 March 2023,5.0 ,Logitech always good,"Fantastic good working. small one, easy to use."
51,Dr. S.M. Faizani,6 March 2023,5.0 ,Value for money mouse,Liked the compact design. The price is also reasonable. Dpi is good. Good for my designing work.
52,Biju Issac,27 February 2023,3.0 ,ISSUES WITH MOUSE SCROLL,"Bought it because it had great reviews. The mouse seems really comfortable and nice without any real issues. But just after 3 months of usage, the scroll of the mouse is acting erratic and weird. Rest everything is perfect. It's just the mouse scroll that is annoying. I am trying to claim warranty."
53,Biju Issac,8 March 2023,5.0 ,"Good, Worth Buying","Good Product, Nice Build Quality with on and off switch"
54,Sushant shetty,16 March 2023,5.0 ,Smooth and lightweight,Top surface is too flat and uncomfortable...functionality wise okay.
55,Paresh,21 March 2023,3.0 ,Not Ergonomic,I haven't yet used it that much but I can tell you that the mouse is amazing with premium build quality and seems it may have longer life than others. The only problem which I noticed was that the packaging was seriously the worst and needs to be improved.
56,Sourabh Mehta,16 March 2023,5.0 ,Good,Good
57,Chirag Sharma,8 March 2023,3.0 ,Not Durable,"I bought this on 27th December,2022 and on March 8, 2023 The Scrolling feature of this mouse stops functioning. Like seriously in just 3 months, Scrolling is not working in this Mouse."
58,Ritika Sood,13 March 2023,5.0 ,Durable and good quality,The mouse is of high quality and very durable
59,Tauha Kazi,13 March 2023,3.0 ,Poor Quality,Very cheap quality plastic used & very light weight. You can hear low quality plastic sound in general use.
60,Meena,21 March 2023,3.0 ,Size is small,Size is small
61,Meena,26 February 2023,3.0 ,Information about battery life is incorrect.,"You need to change battery every 2 months. I purchased this mouse just for battery life and after 2 months, battery was drained. So, either they gave the wrong product or information is incorrect.Thank You"
62,suraj kumar,11 March 2023,5.0 ,Best mouse,Good product
63,Ananta Narayan Mallick,5 March 2023,5.0 ,Good quality bluetooth mouse,Since it is a Logitech product so quality wise there are no issues at all. The black one seems a bit dull in overall appearance but not bad.Overall a good product at a good price.
64,Joy Biswas,15 January 2023,4.0 ,Good product at a fair price,Working well after almost two years. No complaint.
65,NS,1 March 2023,5.0 ,Worth buy,Writing this review after 3 months of usageProduct is great as described no issues so far
66,Million Lukose P L,Reviewed in India ğŸ‡®ğŸ‡³ on 2 March 2023,5.0 ,Excellent Wireless Mouse from Logitech,Itâ€™s easy to use and works smoothly ğŸ™Œ
67,SUMANA MANDAL,Reviewed in India ğŸ‡®ğŸ‡³ on 10 January 2023,4.0 ,Good product,Very easy to use.. it is a good product.. i like it
68,Sharayu Surendra mhamunkar ,Reviewed in India ğŸ‡®ğŸ‡³ on 4 March 2023,5.0 ,Good for handling .,Easy and comfortable. Smooth working.
69,Sharayu Surendra mhamunkar ,Reviewed in India ğŸ‡®ğŸ‡³ on 11 February 2023,3.0 ,too small!,"firstly the box was crushed, and the mouse is too small for my hands I'm 6.2ft. hence it's uncomfortable to hold it and any Logitech software does not detect this mouse so you can't customize it much otherwise overall the mouse is excellent but not recommended if your hands are big!"
70,Rakshan rai,Reviewed in India ğŸ‡®ğŸ‡³ on 9 March 2023,3.0 ,Scroll wheel broke after 2 months usage,The product is light and build quality is good. Scroll wheel broke within 2 months of usage.
71,Rakshan rai,Reviewed in India ğŸ‡®ğŸ‡³ on 15 March 2023,3.0 ,After sometime span scroll is not working,After sometime span scroll is not working
72,SK,Reviewed in India ğŸ‡®ğŸ‡³ on 5 March 2023,5.0 ,great purchase,small but perfect working
73,SureshRaja,Reviewed in India ğŸ‡®ğŸ‡³ on 6 March 2023,5.0 ,Good,Awesome products
74,Amazon Customer,Reviewed in India ğŸ‡®ğŸ‡³ on 9 March 2023,5.0 ,Handy and confrtble,Good product.
75,Ajay Patel,Reviewed in India ğŸ‡®ğŸ‡³ on 1 March 2023,5.0 ,Perfect device,The only flaw is that it is a bit small.
76,Aditya,Reviewed in India ğŸ‡®ğŸ‡³ on 3 January 2023,4.0 ,Quality of material,The quality of power button is very low easily it can break
77,Pranay,Reviewed in India ğŸ‡®ğŸ‡³ on 9 March 2023,5.0 ,Comfortable,Very smooth and comfortable
78,Saquib,Reviewed in India ğŸ‡®ğŸ‡³ on 16 February 2023,5.0 ,Best budget Mouse with great built quality.,Buy these B series of logitech wireless mouse because the plastic quality is great as compared to the M series of mouse
79,Kulin Shah,Reviewed in India ğŸ‡®ğŸ‡³ on 4 March 2023,5.0 ,Great product,Itâ€™s awesome
80,Shiva,Reviewed in India ğŸ‡®ğŸ‡³ on 1 January 2023,4.0 ,Nice product,"Nice Product, works as expected as of now no issues"
81,Yusuf,Reviewed in India ğŸ‡®ğŸ‡³ on 1 March 2023,3.0 ,Good product at this price.,Worked good for sometime and then started to act awkward. Still works however with irritative jerks and discomfort of using.
82,Kimberly Fernandes,Reviewed in India ğŸ‡®ğŸ‡³ on 10 February 2023,5.0 ,Doesn't work properly,The mouse worked for about 1 month in good condition after that it started to work on its own when I scroll down it goes up and vice versa.
83,Hemant malviya,Reviewed in India ğŸ‡®ğŸ‡³ on 14 February 2023,5.0 ,Highly recommended,Excellent product very satisfied with the proformance highly recommended go for it it will not make u regret it
84,S. G. Basu,Reviewed in India ğŸ‡®ğŸ‡³ on 4 January 2023,4.0 ,A light indication should have been there to make it on/ off.,There is no visible indication that it's ON.
85,Shivani,Reviewed in India ğŸ‡®ğŸ‡³ on 24 February 2023,5.0 ,Value for money,It is sturdy and easy to use.
86,SharonEffy,12 February 2023,5.0 ,Pleased with my purchase,I had purchased it for my sister before and she was very happy. Subsequently i purchased as well and I am pleased. thanks.
87,Vedant Patel ,25 February 2023,5.0 ,Ver Nice product,I love it
88,Shashank S Tambe,25 December 2022,4.0 ,Nice mouse,"This is good mouse, thanks to Amazon for providing this product at reasonable price. Very sharp and correct working mouse."
89,Monika Singh ,28 February 2023,5.0 ,Works as expected. Great buy in such a price,Bit smaller in hand compared to HP X200 wireless mouse.
90,Monika Singh ,24 February 2023,3.0 ,Size,Love the way it works.
91,Jyo30 ,3 March 2023,5.0 ,Amazing,good product on which you can use for long time
92,Jyo30 ,28 December 2022,4.0 ,Value for money,"I ordered the product replacement because I could not find the USB receiver module, failing to see that the black receiver is inside the black b170 Logitech mouse inside the darkest shadows where it is hardly visible, right next to the battery facing vertically upwards with its backside (black) facing you. I apologize to customer service for using harsh language on hearing that the product cannot be replaced. I asked my sister what can be done legally. She opened the mouse and figured out the located USB nano receiver. And yes, I am now using this mouse, after 7 days of worries about the replacement of this ""hidden"" product. The mouse is working fine."
93,Shivani singh,23 December 2022,5.0 ,"The USB receiver is inside the Mouse, near the battery plugged inside.",Product is as per it's description
94,mohsin,8 January 2023,4.0 ,Product is as per it's description,"Quality good, dpi good, good accuracy on off switch available, smooth, good deal at reasonable price."
95,Rajesh Madhukar Soman,4 November 2022,4.0 ,It's average wireless mouse,"It's light weight mouse. At on position it is not showing any light or signal. But I have not returned since it is working till the date. That's why I think it will not last for longer period.For long hours of  use and bigger size, sturdyness, and proper grip always go for DELL or HP wireless mouse Pricing above 600/-"
96,vinay k,14 December 2022,5.0 ,"Durable, durable, durable","Have been using for some 2 years now.  Use it at least 4 hours /day.  Refuses to die. What more, the battery is still the original one.  The buttons worked erractically  after approx 8 months. However here is the top secret to its longevity.....1.  The bottom is NOT screwed as with other mouse, where one has to search for the screws hidden below the mouse pads. The whole assembly is push fit. So , super easy to open and clean.2.  The magic cleaner is WD40.  One burst of WD40 on the switches and wheel, left for some 5 mins, reassembled it, and is good as new.Hope this helps."
97,Gansey,1 March 2023,3.0 ,Ok,Ok
98,Amazon Customer,25 February 2023,3.0 ,Decent at this price,Okayish
99,Amazon Customer,30 July 2022,4.0 ,An affordable and efficient mouse with one consistent flaw,"I've bought this mouse three times so far. Once in 2018, then in May 2021 and the third, yesterday. The funny thing about it is that both the old ones still work - except for the scroll-wheel that is grossly malfunctioning. I noticed a few others have also mentioned this issue and the pattern I noticed with the scroll wheel is more of a trend with this model of Mouse.The funniest thing is that I've been using this mouse for over a year now, with my office-laptop and the battery hasn't run out yet, but the scroll-wheel has succumbed to the twiddling of my index finger gliding over a few hundred spreadsheets. Wish such issues repeatedly reported by other reviewers, I honestly wonder why logitech can't seem to be able to fix it. Except, perhaps, they intend to leave it unfixed - how else would they have people like me buy their mouse every 12 months?The reason I chose to buy this a third time, is simply due to the low-cost and the value I receive in battery life and general accuracy that is sufficient for my office use. If there was another mouse that would give me the same kind of battery life as this model does, at this price-point, I'd be happy to switch."
100,Shiva,1 March 2023,5.0 ,Nice product,
101,A Sinha,1 January 2023,5.0 ,One of the Best Mouse for the price,The media could not be loaded.
102,Singaravelan,19 February 2023,5.0 ,Very Nice to Use,"Â Usb one is inside mouse, you have to take out from there. One day delivery by amazon"
103,Shashi,20 February 2023,5.0 ,Good,"Very smooth, works on almost every surface, paper, table, cloth etc.There's a bit rattle sound of the plastic which is just above the buttons (right/left clicks)It will not bother most of you, I am a bit Obsessive with these kind of things, So...[Personally I opened the mouse and stuck a paper inside the plastic which presses the click button, resulting in no rattle sound. Now mouse only makes sound when you click the buttons, (click click click)]Battery life of Logitech is known to be very good."
104,Rakesh shaw,22 December 2022,4.0 ,Very good ğŸ‘ product,Overall good  for this product
105,Saleem Kumar,Reviewed in India ğŸ‡®ğŸ‡³ on 31 December 2022,4.0 ,Good,Good
106,Sanam Adhikari,Reviewed in India ğŸ‡®ğŸ‡³ on 23 February 2023,5.0 ,Good,Good
107,Vinayak Cheruvil,Reviewed in India ğŸ‡®ğŸ‡³ on 10 February 2023,5.0 ,It's a great Mouse,"Light weight, silent and feels & looks great!"
108,Saif Abbas,Reviewed in India ğŸ‡®ğŸ‡³ on 9 December 2022,4.0 ,Worth buying product,"This is a nice product, smooth and connect quickly. Do not provide led light else features are good. As of now, overall nice experience."
109,Suresh H Y,Reviewed in India ğŸ‡®ğŸ‡³ on 21 January 2023,3.0 ,Noise issues,Only problem is it makes lot of noise for every click which is very distracting at home r in office.. And there is no replacement option to upgrade to higher model with the same brand itself... And no return r refund option...
110,Dr. Amal Datta,Reviewed in India ğŸ‡®ğŸ‡³ on 12 February 2023,5.0 ,Smooth work,Overall good to use
111,Rinesh Palan,Reviewed in India ğŸ‡®ğŸ‡³ on 14 February 2023,5.0 ,Value for money,Good
112,krishsankar,Reviewed in India ğŸ‡®ğŸ‡³ on 9 February 2023,3.0 ,Mouse speed,Mouse speed not like wired one.better try acer
113,Tojy John.,Reviewed in India ğŸ‡®ğŸ‡³ on 7 February 2023,3.0 ,Good product,Small mouse. It is a bit difficult to click the middle button (scroll wheel). Otherwise good.
114,Himanshu Chauhan,Reviewed in India ğŸ‡®ğŸ‡³ on 16 February 2023,5.0 ,Good product,Nice
115,Sanket Naik,19 December 2022,4.0 ,Good produced,Good product
116,Sanket Naik,3 November 2022,4.0 ,Ergonomical mouse and value for money,"The only drawback of this mouse is that it does not work with Logitech unifying software. I use a wireless Logitech keyboard for my workstation and this mouse does not support the existing dongle. So have to use this with the provided dongle, with the limited usb slots, this becomes a problem."
117,Shreyas N.,26 November 2022,4.0 ,Good one,Really confortable to use. Very sturdy. No compromise with the quality with Logitech. Its like an iPhone but for mouse
118,Aman Sagar,6 February 2023,3.0 ,Too small,Everything is fine and good and form factor seems little small
119,Debasish Singha,16 January 2023,3.0 ,Not Long Lasting and no warranty,"Where as HP gives 3 yearwarranty, Logitech does not provide any warranty. I had to discharge its use last time too because the scroll button stopped working and this time it is the same problem. Wil go in for HP this time."
120,Nishant Desai,4 February 2023,5.0 ,Perfect,Very handy..and designed well for everyday use.
121,Ajay ,9 February 2023,5.0 ,Product is v. Good,Product is v.good
122,Mohammed wasim,8 February 2023,5.0 ,Wireless mouse,Very good product
123,sushil m.,5 March 2023,5.0 ,Perfectly working,
124,Ozahat Nasreen,8 February 2023,3.0 ,A bit laggy,The media could not be loaded.
125,Murtaza,Reviewed in India ğŸ‡®ğŸ‡³ on 29 November 2022,4.0 ,Can be better,Sometimes I face issue of clicking the things multiple time. Can be little better.
126,Rokibul Alom,Reviewed in India ğŸ‡®ğŸ‡³ on 5 December 2022,4.0 ,Good one,"Working smoothly, no issues faced till today."
127,Sai Kishore,Reviewed in India ğŸ‡®ğŸ‡³ on 12 January 2023,3.0 ,Mouse wheel started malfunctioning after 3 months,"Mouse is good but its wheel started malfunctioning after 3 months. Got it for 400rs at dasara sale, better avoid these ranges mouses, as I have around 3 other Logitech mouses each mouse has some or other problem."
128,Rohit,Reviewed in India ğŸ‡®ğŸ‡³ on 25 October 2022,4.0 ,Best wireless mouse under this segment,"Before that i had a wireless mouse of zebronics which used to consume battery cell on weekly basis, In this mouse one battery cell works for months without any lag or disturbance.it works super smooth and never fails to execute the given commands."
129,Akshay Acharya,Reviewed in India ğŸ‡®ğŸ‡³ on 29 November 2022,4.0 ,Scroll wheel makes lot of noise!,Itâ€™s makes lot of noise when we scroll like a cheap push cart!
130,Placeholder,Reviewed in India ğŸ‡®ğŸ‡³ on 9 February 2023,5.0 ,Very good,Very good quality
131,Kiran ,Reviewed in India ğŸ‡®ğŸ‡³ on 8 December 2022,4.0 ,Good Product,Good Product
132,Akhilesh Giri,Reviewed in India ğŸ‡®ğŸ‡³ on 2 February 2023,5.0 ,Works like a charm,This is a great product and works like a charm. No issues at all.
133,Ajay Sutar,Reviewed in India ğŸ‡®ğŸ‡³ on 2 January 2023,5.0 ,Best Product in this Segment,"According to me this is the best mouse you will get in this prize segment. Its not only handy but also very convenient for daily usage. Although it is small in size, I do not have any problem using it so far. Its been more than a year I am using this mouse & it is working without any issues."
134,SK 10000,31 January 2023,5.0 ,"Easy to hold, Invisible Optic is also great.",Nice product in the price range.
135,Vanshaj J.,23 January 2023,5.0 ,Wheel stopped working after a while,"Mouse is good to use, however wheel stopped working after a while. Tried changing battery but no luck!"
136,Anantharaman V P,21 January 2023,5.0 ,Powerful cute little mouse,Comfortable to hold and work. Works from a reasonable distance. No light to indicate off or on. But it is not a major disadvantage.
137,J L Karthikeyan,3 January 2023,3.0 ,Good mouse but makes noise when i roll the wheel,"Good mouse. I have been using it for 3 weeks but the wheel has started making noise. Its not a showstopper, but i did not expect this issue so soon into its life.Overall no other issues so far!"
138,Subrata Das,21 January 2023,3.0 ,"Worse, within 2 months, not working","Dislike as within 2 months, not working"
139,Mohsin Ali,3 February 2023,3.0 ,Fine,Fine
140,Mouli,25 November 2022,4.0 ,Noise is high while clicking apart from that no issues,Noise is high while clicking apart from that no issues
141,Mouli,28 January 2023,3.0 ,Handy,The sound in the pilot wheel irritating
142,Dany,25 November 2022,4.0 ,Best mouse ever,"Best mouse. Littlr small for my hand, but otherwise excellent quality."
143,Sandip,29 January 2023,5.0 ,Excellent product. No complaints in its performance. Just go for it if you require a bt mouse.,"It's simple, smooth and trouble free"
144,Ansariamin,23 October 2022,4.0 ,A good Budget Wireless Mouse,A decent quality product with good ergonomics but don't expect a great battery life like the more expensive models of Logitech. Used a couple of these but the the lifespan was not so great the scroll wheel doesn't work so well after a few years.
145,Chandradeep chatterjee,28 January 2023,3.0 ,Ok Product,Wireless Product is not always worth oriented.
146,Mangroliya distant,24 January 2023,5.0 ,good product in wired wireless mouse,"Logitech B170 Wireless Mouse, 2.4 GHz with USB Nano Receiver, Optical Tracking, 12-Months Battery Life,"
147,Sahil Luthra,28 January 2023,5.0 ,Just wow,"For longer work, highly recommended"
148,Ravi A,22 October 2022,4.0 ,Great product,"The thing I like most about this brand is that if you insert a good quality battery, it will last more than a year of regular use.All other features are standard. The buttons work as they should, same for the scroll roller."
149,Sanjay k.,29 January 2023,5.0 ,very nicee,best of alllll.
150,Vijay Khokhar,31 January 2023,5.0 ,Nice,Perfect
151,Nirmal Ashwinsarrathi,19 January 2023,5.0 ,The best mice you can get for â‚¹499!,"The design, fit, and finish look sturdy, and small for my hand but works great!The best part is, It came with a Duracell battery!"
152,Sumathy,23 January 2023,5.0 ,Price worthy,"I like this mouse, handy and works fine. I suggest to buy."
153,Subrata Mondal,7 January 2023,5.0 ,So perfect in this price.,"Wireless it is, definitely easy to use. Know not a lot about mice, still It just feels better than the previous wired one. Price is almost same as wired one. For me, just perfect .(work purpose and play igi sometimes ğŸ˜)"
154,chandran N,Reviewed in India ğŸ‡®ğŸ‡³ on 24 November 2022,4.0 ,Good,Good
155,Aparna,Reviewed in India ğŸ‡®ğŸ‡³ on 1 January 2023,5.0 ,Awesome mouse,I think I am writing this review after using it for 2 years. This is a great mouse. There is no lag. There is no battery problem. This is working really great even though it fell down multiple times. Bluetooth range is also really great. I would say worth the money.
156,tzachs,Reviewed in India ğŸ‡®ğŸ‡³ on 18 October 2022,4.0 ,Not for big hands.,"Mouse size is little bit small...So In terms of usage, its not at par with casual mouse. Still its ok to buy this one in terms of money and in the long run we'll get used to it."
157,tzachs,Reviewed in India ğŸ‡®ğŸ‡³ on 31 January 2023,5.0 ,Nice and handy,"Good quality, go for it"
158,Srini,Reviewed in India ğŸ‡®ğŸ‡³ on 28 January 2023,5.0 ,Excellent,Good
159,Anupkt,Reviewed in India ğŸ‡®ğŸ‡³ on 27 November 2022,4.0 ,Good,"This is a great cheap option for people wanting a wireless mouse for cheap. Please note, this is not designed for gaming and won't be optimal.Pros:1. Cheap and durable2. Very responsive with minimal delay3. Scroll wheel is very smoothCons:1. Very lightweight (I personally prefer heavier mice)2. The buttons seem cheap and very loudOverall: Amazing for productivity and general work."
160,Anupkt,Reviewed in India ğŸ‡®ğŸ‡³ on 4 September 2022,4.0 ,Great for Productivity,Overall a good product but the main issues is the scroller is bit noisy which is sometimes irritating
161,PRIYAJIT MAHATA,Reviewed in India ğŸ‡®ğŸ‡³ on 11 January 2023,3.0 ,Good product,"It works smoothly, looks stylish. It's very comfortable to use for long hours, doesn't strain the hand."
162,Sam,3 January 2023,5.0 ,Good product,Very nice product. Iâ€™m very happy with the product. Iâ€™d recommend others who all are looking at this one to purchase. Easy to hold and the sleep mode is also really really well. Light weight
163,Sam,18 October 2022,4.0 ,Great mouse but not for MacBooks,"The mouse does great job, but this is not built for Mac. The operation in MacBook is with little lag. Feels very artificial on hands. Better to go for Apple Mouse itself, though is is Rs 7.5k. My god it is just Butter smooth."
164,Amazon Customer,29 October 2022,4.0 ,It's just perfect. Compact design good for travels.,Cons: Palm support lacks a little for big hands during prolonged use. Thats it.Rest is perfect for desk jobs!
165,Amazon Customer,10 February 2023,5.0 ,Good,"Good wireless mouse, comes with battery. No issue so far."
166,Khogen,3 October 2022,4.0 ,Good Product according to price but logitech M235 is better,"This mouse is good and also easy to use but other mouses from Logitech are good. Overall, every mouse is good but there are differences between the sensors. Go with this if you have strict low budget if you can increase it go with Logitech M235."
167,Khogen,25 January 2023,5.0 ,Easy to use,Great
168,San,31 October 2022,4.0 ,Pretty good product,"Using mainly for billing so there is no issue, it's a good product in its price range."
169,Gaurav,3 April 2023,2.0 ,Good but pathetic scroll wheel,"I really liked the product when I first got it. But, after one month, the scroll wheel started acting weird. I tried all the troubleshooting mentioned in the official website but nothing works about. I have also gone through their official forums and realized most of the users of this particular model facing the similar issue but no proper solution was provided."
170,Sakshi Verma,17 November 2022,4.0 ,Excellent Mouse,Comfortable Mouse
171,TJ,23 January 2023,5.0 ,Great Product,Easy to use and very fast delivery
172,Sandeep Subramanian,11 November 2022,4.0 ,Value for money,Good one.Good quality for professional work.
173,gautam,4 January 2023,5.0 ,Very good quality mouse,"After almost a month of regular usage for around 6 to 10 hours a day, I am writing this review. This is a very good quality mouse even better and Dell mouse. I am happy with Logitech product."
174,Sayandeep Chakraborty,29 January 2023,5.0 ,Excellent product,Really good
175,MOHAMMED SHARIQUE,14 November 2022,4.0 ,Good,Nice product
176,Uday VRao,4 January 2023,3.0 ,Scroll button of Mouse making noise,"Wireless Mouse Scroll button making noise from date of purchase , but forgot to raise the return request."
177,G.M.Shashank,5 July 2022,4.0 ,"A defective product from Logitech, but worth the price.","Hey people!Just visited Logitech service center in Bangalore. I bought this product in month of February 2022 and now itâ€™s July 2022. From past two days I was facing issue with the scroll click button the mouse. When I visited the service center I was told this particular modelâ€™s click button has issue and many customers have complained about it.So if you will be using the scroll button a lot compared to other buttons, someone like a CAD designer who will be using it. This mouse isnâ€™t for you, but if someone who just uses left and right button and scroll to move up and down. This mouse is really worth and you can go for it."
178,ASHISH C.,4 November 2022,4.0 ,Good mouse,Mouse is good but after one month scroll start making sound.
179,krushna,20 November 2022,4.0 ,Good product,
180,Koustav Pal,26 September 2022,3.0 ,You get what you pay for,The media could not be loaded.
181,Koustav Pal,12 November 2022,4.0 ,Best in this price thank you amazon,Â Thq Amazon
182,Abhijit Patil,14 November 2022,4.0 ,Value for money,Small size
183,Upendar Kotha,13 October 2022,4.0 ,overall good,"Bit small if you have big hands. Makes a lot of noise on clicks, scroller makes creaking noise when you scroll down. Other things are good."
184,Ross,25 October 2022,4.0 ,Good in this price range,"Some time it's left clicking show a gap, that we have double click"
185,Ross,5 November 2022,4.0 ,Value to the Money,"Click sound should be reduced, also its pretty small"
186,Piyush,21 January 2023,5.0 ,Easy to handle,Nice connectivity
187,Amazon Customer,24 January 2023,5.0 ,Awesome,Awesome product
188,Amazon Customer,20 January 2023,3.0 ,Good,Good
189,Kanhaiya lal Sagar,6 January 2023,5.0 ,good mouse,at this price this product is beast you can go for it no doubt logitech is giving such great product
190,Amazon Customer,8 January 2022,4.0 ,First impressions (24 hours later) - Big Thumbs up though marred by bad packaging,"I ordered this mouse for my primary desktop - the keyboard+ mouse combo (also Logitech) I use on this machine was sent off to the Raspberry Pi4.  I have a couple of wired mice - but I thought it was time to get a new one, since a mouse is one of the most used accessories.I had mixed feelings about Logitech- the mouse from a previous keyboard + mouse combo had died within 1 year, and replacement experience was let us say sub-optimal.But this mouse did the trick ! Small, lightweight, fast. Absolutely plug and play on my Linux Manjaro machine. Was impressed that the provided the AA battery for it- and it was protected from discharging using a label. One less thing to worry about :finding a AA battery.The adapter is inside the mouse itself. I knew this from experience, but for a newcomer it could be a little confusing at first.I inserted the adapter in the USB hub for my desktop, and voila! We were in business.First impressions after nearly 24 hours of installation- this mouse gets a thumbs up. Make the packing more robust and I am sure there will be more 5 star ratings."
191,mohit bohra,12 October 2022,4.0 ,Its a good mouse.,"It's perfect for portability, its small and comfortable to use. The click sound is a bit louder. I think its a good deal at 500rs or 600rs."
192,Aditya,27 September 2022,5.0 ,Compact and handy. Sleek design.,"Love it. Logitech has never disappointed me since so many years, be it the bulky 2.1 speakers long long ago, or their mice or keyboards.As with this mouse, it is quite sleek and compact. Not a bulky design. Easier to store in the sleeve-like laptop case. Functioning is pretty standard as the mouse should be and very responsive.Personally I like that it does not have the red light for optical reader.. that can get quite disruptive.The USB receiver is small and fits very well in the concealed USB port of my Lenovo laptop (doesn't protrude out), so that's good too.Go for it. Standard operation and expectation as is with optical wireless mice. Good purchase for me."
193,ğŸ‘,12 February 2023,5.0 ,Not for gaming,
194,Hardik Gajera,15 October 2022,4.0 ,Worth it....,The media could not be loaded.
195,Hardik Gajera,21 October 2022,4.0 ,Very good and sturdy product..,Overall product quality is good enough but size is little bit smaller. Otherwise all good at 400 rupees.
196,sunil singh,15 October 2022,4.0 ,Useful portable mouse,"Good Ergonomics, easy to connect and build quality also is very good"
197,Sandeep. B,26 September 2022,4.0 ,Mouse is stuttering. Raised replacement.,"Wireless might be slowing down wifi connection I think. I wish I can use in 3 modes wired, Bluetooth and wifi."
198,Debabrata,19 January 2023,5.0 ,Very nice,Working on the mouse for 2 days and the mouse is stuttering. Raised replacement. Will update after using replacement.Update: Got the replacement and worked for 5 days and this time it is working fine.
199,sameer,7 December 2022,3.0 ,Good for the price but not reliable,Value for money
200,Akhil Mahesh,13 January 2023,5.0 ,Nice worth gifting,"The mouse is great, especially for the price. However the scroll wheel inexplicably stopped working properly less than 7 months after purchase. Would not recommend for long term use as it is just not reliable and you'll have to buy a replacement"
201,Sneha Patil,29 December 2022,3.0 ,Mechanical Noise,Purchased for gifting in secret santa.....worth gifting product also good connectivity
202,Neha K,Reviewed in India ğŸ‡®ğŸ‡³ on 31 December 2022,5.0 ,Useful to watch movies when my leg is fractured,Dont have to get up to go near computer to operate netflix prime or any other online stuff.. does not have irritating flashing optical light. Good experience.
203,Karthick,Reviewed in India ğŸ‡®ğŸ‡³ on 26 October 2022,4.0 ,Good product,"Past 3 months of usage, Product Working good."
204,Padma,Reviewed in India ğŸ‡®ğŸ‡³ on 14 January 2023,5.0 ,Easy to handle,"Good product but,  made in China"
205,Nadeem K.,Reviewed in India ğŸ‡®ğŸ‡³ on 16 January 2023,5.0 ,Perfect and awesome product... Buy it !!,Go for it...
206,Abhay Bajpai,Reviewed in India ğŸ‡®ğŸ‡³ on 21 October 2022,4.0 ,Nice,It is very handy and good one.
207,Sathish,Reviewed in India ğŸ‡®ğŸ‡³ on 20 August 2022,4.0 ,Worth buying,"This is an excellent mouse. I am using this with my legion laptop (windows 11) and it works perfectly. Easy to hold and mouse is quite responsive.Pros:Quite responsive.Easy to carry.Plug and play,  no need to install any drivers/ software.Cons:Since it's small in size some time it may fall out of your hands."
208,Vik,Reviewed in India ğŸ‡®ğŸ‡³ on 26 October 2022,4.0 ,Nice,Very good item. Working perfectly.
209,Gopal Arora,Reviewed in India ğŸ‡®ğŸ‡³ on 26 October 2022,5.0 ,Amazingly durable. Huge battery. Very comfortable to use.,"I dropped my mouse dozens on times over 5 years, and nothing happened to it.It has a very ergonomic design, just the right size, but it may vary with different hand sizes. I experienced no lag at all, and the battery actually lasts a year(Depending on the quality of battery you buy, of course).Overall, there's nothing more I could ask from a wireless mouse, except extra gaming features like RGB or extra keys."
210,Amir sohel qureshi,Reviewed in India ğŸ‡®ğŸ‡³ on 28 December 2022,5.0 ,Scroller not good but they replaced with new one,Mouse scroller start making irritating sound after one month only than i visit local service center and after 24 hr they offer new one.
211,Srikant Bharadwaj,Reviewed in India ğŸ‡®ğŸ‡³ on 29 September 2022,5.0 ,Would recommend for sure!,"Bought this yesterday afternoon and got it delivered by evening in the same day!I had ordered it for my wife, havenâ€™t used it much but just tested, an early review perhaps.It looks small, compact and cute! Really nice and elegant. No problems so far using it. The scrolling is smooth and there is no lag, connection is instant. It's plug and play along with the dongle provided with it, no pairing needed. There's a battery provided already with the mouse.The battery does add to it's weight but bothing to complain about that."
212,Meenakshi Mohata,13 March 2023,2.0 ,good to use but battery life is not 1 year,"They give a guarantee of 1 year working but it only lasted for 6 months my scroll wheel is not working and my most of the use in the mouse is related to the scroll wheel, it will be helpful if I get a replacement for one."
213,piyush,10 January 2023,5.0 ,nice product with best discount,nice product with best discount
214,Arvind Aghao,13 January 2023,5.0 ,Most useful,Working good
215,JAYESH G PATEL,20 October 2022,4.0 ,Handy and best for the price range,"Go for it, best in the market"
216,JAYESH G PATEL,27 September 2022,4.0 ,Good,"Working just fine. Advantage is we can turn it off when ever not in use, this helps to reduce battery usage. Easy connection"
217,S. T,18 October 2022,4.0 ,Nice product,Ease of operation and connectivity
218,S. T,9 December 2022,5.0 ,It's so nice,"Writing this review after 2 years usage.even after the 2 years it's not giving me any issues it's working fine as new. Can buy it blindly,if you want it go for it."
219,Nishank,27 June 2018,4.0 ,"Good Mouse, needs improvement in packaging, overall a good buy","The product came bad packaged, it seems like the mouse was imported in OEM form, and the box was made locally. The box itself was in shabby condition, bandaged from all possible sides.The mouse was in a plastic bag inside the box, has a few scratches in the bottom pane.Pros:1. The wireless receiver is very small, tucked inside the mouse.2. The indicator light below the mouse is completely invisible. Hence the battery time will be more. It's claimed highly in the product details, but I have to wait and see what happens.3. The mouse is very small in size. Sometimes I think it's going to slide away. Perfect for travelling.4. Auto sensor to switch off. Starts working/wakes almost instantly once you move the mouse.5. No separate software / configuration required.6. Good amount of instructions to locate the wireless dongle embedded inside the mouse.7. Single battery operation, making it light weight. Battery comes with the mouse and a pullout tag.8. Price is competitive.9. Good build quality.Cons:1. A little small in size, sometimes it felt the mouse is going to slide away. But then again it might be because of using bugger mouse in past.2. Bad packaging. This is one point which I really disliked about the product. Hence removal of 1 star.I started writing this review with a rating of 2 stars because I was really annoyed to see the packing in which it arrived. But eventually after going over the pros and cons, I decided it's worth it to give at least 4 stars.A definitely buy product, competitively priced."
220,Sai sushanth,6 December 2022,3.0 ,SCROLLER NOT WORKING,"This item has 1 year warranty period, when i checked with Amazon CS she told to contact Logitech support. according to Logitech i should contact re-seller as they will not help us in this."
221,Amazon_,4 January 2023,5.0 ,Overall good quality product but size is too small to hold,Good quality product but small in size. Not properly fit in your hand.
222,Emmanuel,16 December 2022,5.0 ,Best wireless mouse,"Great in build quality, I had dropped couple of times but still works perfectly fine. It's been more than a year I am using it"
223,Amazon Customer,11 January 2023,5.0 ,nice,nice
224,Karuppasamy,7 October 2022,4.0 ,Light not indicte,"Product so good, packing good, mouse is working but light not indicte"
225,Karuppasamy,16 December 2022,5.0 ,Very Good Mouse | Good buying choice,This mouse fits in hand nicely. It's design is very sleek and functions nicely. Clicking feels a bit hard but overall good mouse.
226,Robin,6 January 2023,5.0 ,à¤¬à¤¹à¥à¤¤ à¤†à¤›à¤¾,à¤®à¥‡ à¤¬à¤¹à¥à¤¤ à¤°à¤« à¤¯à¥‚à¥› à¤•à¤°à¤¤à¤¾ à¤¹à¥‚à¤ à¤•à¥‹à¤‡ à¤¦à¤¿à¤•à¤¤ à¤¨à¤¹à¥€à¤‚ à¤¹à¥ˆ
227,Anirudh bharduwaj,10 October 2022,4.0 ,,
228,Amazon Customer,1 January 2023,5.0 ,Compact and perfect,Very comfortable to use. Only drawback is click sound too loud
229,Md. Sarfraz Alam,9 October 2022,4.0 ,Awesome product,"Value of money ğŸ’¸...good to use ,easy to handle...and let's see battery life ğŸ¤—"
230,vishal,27 October 2022,4.0 ,Long term Review,Good and sleek Device. Really good for Productivity.
231,Shivakumar shirke,16 October 2022,4.0 ,Center button click is bit uncomfortable as compared to dell mouse. Otherwise everrything is fine.,"Very good,fast,accurate and free from time lag.Great product."
232,navroz,Reviewed in India ğŸ‡®ğŸ‡³ on 25 October 2022,4.0 ,Good but expensive,Good but expensive
233,Neeraj G.,Reviewed in India ğŸ‡®ğŸ‡³ on 10 January 2023,5.0 ,Very Good,Worth to Buy
234,MN Hedau,Reviewed in India ğŸ‡®ğŸ‡³ on 13 December 2022,3.0 ,No receiver,"This is second time, I got only mouse and no receiver.  Returning again"
235,Placeholder,Reviewed in India ğŸ‡®ğŸ‡³ on 17 October 2022,4.0 ,Easy to use and looks stylish with premium quality,Good Quality
236,Placeholder,Reviewed in India ğŸ‡®ğŸ‡³ on 24 October 2022,4.0 ,Good Quality,Good ğŸ‘
237,Kunal,Reviewed in India ğŸ‡®ğŸ‡³ on 31 October 2022,4.0 ,Good,"Logitech B170No silent clicks please ğŸ‘ğŸ»Bought this product to use it for Smart TV & it works flawless.Using it on SAMSUNG SMART TV AU**BU8570 on Dex mode and on Internet too. Before buying i have cjeck almost DELL, PROTRONICS , HP & at last Dedided to go with Logitech users reviews. Person who are looking out for mouse to use it on Samsung Smart Tv can Blindly go for these B170 its handy & compact in size and Good Speed."
238,Tejasvi,Reviewed in India ğŸ‡®ğŸ‡³ on 15 October 2022,5.0 ,"Fast , Reliable & compact product","I have purchased this mouse 3 times in past, it is a good mouse, works well till it works, but from last 2 times I have noticed that its wheel stops working after 6 months of usage."
239,Mohammed Ghouse Qureshi,Reviewed in India ğŸ‡®ğŸ‡³ on 29 November 2022,3.0 ,"Good mouse, but its wheel works only for 6 months",Superb product
240,Mohammed Ghouse Qureshi,Reviewed in India ğŸ‡®ğŸ‡³ on 6 January 2023,5.0 ,Superb product,It doesn't have status LED to know it switch on but except this everything is fine. Go for it product.
241,Subramanian,Reviewed in India ğŸ‡®ğŸ‡³ on 18 October 2022,5.0 ,Value for money - Best mouse for casual use,I've been using this product for around 4 years now.I got one 4 years back and I gave it to my sister. I got another one and gave it to my dad.I had to get a third one for me.Battery lasts long enough - in months (I do turn the mouse off at the end of the day)Really ergonomic and comfortable to use.Definitely value for money!
242,Parth,Reviewed in India ğŸ‡®ğŸ‡³ on 8 September 2022,4.0 ,Good Handling,"I think the product justifies the price, itâ€™s easy to manuever and lightweight. Feels good as well. Fit and finish is good at the price point."
243,Parth,Reviewed in India ğŸ‡®ğŸ‡³ on 30 December 2022,5.0 ,Very well product,Product is working very well. I use daily 8 hr.
244,Amazon Customer,Reviewed in India ğŸ‡®ğŸ‡³ on 8 January 2023,5.0 ,Mouse with this.,"Easy to integrate, install & use."
245,Sumeet Singh,Reviewed in India ğŸ‡®ğŸ‡³ on 4 January 2023,5.0 ,Very Nice,This is too good mouse
246,Shivam Patel,Reviewed in India ğŸ‡®ğŸ‡³ on 1 January 2023,5.0 ,It is easy to handle,I like this product very much
247,Sunita sahu,Reviewed in India ğŸ‡®ğŸ‡³ on 5 October 2022,4.0 ,Good one,For every time the mouse is working/ not don't no it is an invisible sensor.
248,Placeholder,Reviewed in India ğŸ‡®ğŸ‡³ on 11 May 2022,3.0 ,Good - But Doesn't last long,"I have been using this mice for at least 5 years. Each one works for 6 - 8 months, after that mostly the scroll doesn't work or the middle button click doesn't work.For the last mice M170 (which is same as B170) however, I have seen the scroll is way better than what I had in the previous versions.But I'm a Linux user, and I use middle button click to copy-paste stuff, or close a browser tab, open a link in new tab, etc. Logitech installs very inexpensive micro-switch in the middle button, each micro-switch costs Rs. 1 and they are bound to be damaged after some repetitive clicks. And that's what happens over time.Claiming warranty is a pain, so I don't prefer going to that route.The plus point of these mice is that the battery lasts an eternity. I use my computer at least 12 hours a day (in general it's like 14 hours). The battery outlasts the life of the mice itself (which is 6 - 8 months)! And after purchasing a new mice, you can still use the old battery! The build quality is really nice and rigid. The right and left switches also lasts an eternity. Only problem is with scroll and the middle button click!"
249,Sourav Goswami,Reviewed in India ğŸ‡®ğŸ‡³ on 31 March 2023,2.0 ,Size  is small,The Size is small and  not comfortable
250,Sourav Goswami,Reviewed in India ğŸ‡®ğŸ‡³ on 6 September 2022,4.0 ,Nice,Mouse is good and it's kind of small compared to other wired mouse so it's easy to handle. Overall it good. Price is little high
251,Jyotirmoykarak,2 March 2022,4.0 ,Aesthetically appealing,Easy to hold ergonomically good I would say as it comes from logitech brand so its common to have good design aesthetics added to it also i feel the clicks are clicky but no to scroll it actually is not that much fluid as expected i don't know how long the scroll wheel will be able to last so hopefully i will metion it in future time if anything happens to it every thing else is good like sensitivity and accuracy are good enough you also get an app to change those according to your needsAt last look and feel are good also its durable so i would recommend this as a budget level mouse that you can go for
252,Jyotirmoykarak,12 October 2022,4.0 ,Ok product,"Little bit noisy but ok, no notification light"
253,uday,22 December 2022,5.0 ,Good Performance,I am using this mouse from 2 months. Performance is too good. For Heavy designing work.
254,uday,3 December 2022,3.0 ,Wheel,"Wheel bahaut aawaz krta hai baaki sab first class hai , haa kasam se , baki sab first class hai ."
255,Prashant Saran,29 September 2022,4.0 ,Good product,"Good product, very light weight, easy to hold, good for office purposes"
256,Prashant Saran,30 December 2022,5.0 ,Value for money,The best mouse i have used.
257,pralaygarai,25 December 2022,5.0 ,Good one,"Respond quickly, if size is little bigger it could be the best one."
258,Mehr Grover ,5 December 2022,3.0 ,Okayish,Mouse-wheel started acting up after a little over a year's usage. Had been working smoothly before that.
259,Mehr Grover ,2 January 2023,5.0 ,Amezing must have for laptop,Amezing must have for laptop
260,Sambasiva Sangana,7 December 2022,3.0 ,Problematic scroller,2nd time happened with Logitech mouse. The scroller stopped working after 3/4 months of usage
261,viraj usgaonkar,6 January 2023,5.0 ,Smooth,Smoothness
262,Sirjan Tudu,27 August 2022,5.0 ,Obvious purchase,"If you are looking for a perfect mouse then you can obviously go for it. The only problem you may have with this is its size that's all. I personally have no issues with that but rest is your choice. Built quality is quite good in this range, scrolling experience is smooth, clicking experience is smooth and after using more than 1 month I faced no connectivity problems.And also it has optical tracking system without laser so you will never have a sudden encounter of laser and your eyes. So I will recommend you if want a good wireless mouse."
263,Sirjan Tudu,12 October 2022,4.0 ,Nice product,like the product
264,Ravindranath,12 October 2022,4.0 ,Good,Good to use
265,Vidyut sheth,7 September 2022,4.0 ,Nice product,Till now it is working good  its been 3 months since i bought it...it would be better if this product price is decreased
266,Jayaraj badireddy,4 January 2023,5.0 ,NICE,GOOD
267,Jayaraj badireddy,19 December 2022,5.0 ,Excellent Product,Excellent Product and i have many of my colleagues using it for many years now.
268,Ankur Gandhi,23 December 2022,5.0 ,Value for money,Its easy to use the product is the same as what expected
269,Ramesh BC,25 September 2022,4.0 ,Durability,"Best wireless mouse I ever seen, more preferable for office workers and developers"
270,YASH BHATIA,30 December 2022,5.0 ,Good,Good product
271,Jithin N P,2 October 2022,4.0 ,Good one,Size could have been a little more
272,Sushanta Bhagawati,2 December 2022,5.0 ,best wireless in its price,"its been 4 and a half years since i bought this mouse and still it functions like i bought it yesterday, best in its price"
273,akshit gupta,7 December 2022,3.0 ,Poor. School stop working after 4 months,"After 5 months, scroll don't workMy mouse stop workingafter 1.25 years."
274,Phaneendra S.,30 September 2022,4.0 ,Good product,Overall value for money and good build quality.
275,Phaneendra S.,29 December 2022,5.0 ,Good product,Easy to use. Very helpful
276,Ramya,1 October 2022,4.0 ,Nice product,Very good product. Comfortable for hand.
277,Rakesh,2 October 2022,4.0 ,Best for handling,
278,KOMAL PRASAD,28 November 2022,3.0 ,Average,The media could not be loaded.
279,Dr. Shriya saha,17 January 2023,5.0 ,Good,Â Best for doing work by using it
280,Deviram.Jaichand,5 October 2022,4.0 ,"Good Product, easy to use","First mouse I got had a defective squeaky scroll button. Exchanged it, now its functioning okay. Clicks are quite loud."
281,Gopichand,Reviewed in India ğŸ‡®ğŸ‡³ on 12 December 2022,5.0 ,Good one,"best buy at this price, looks good like premium product. it won't disappoint u"
282,Rahul,Reviewed in India ğŸ‡®ğŸ‡³ on 23 March 2023,2.0 ,Scroll button issue,Scroll issue after  couple of months.
283,sandeep kanwar,Reviewed in India ğŸ‡®ğŸ‡³ on 26 October 2022,3.0 ,"small and handy.. also, only for windows laptop","ive been using this mouse for about a year now... well, it works fine with my windows laptop.. but doesnt unite with my macbook. there are lags and connectivity issues .also, when using with my windows laptop, ive noticed that the accuracy is not that great after all.... would give it a 2.5 / 5 in usage."
284,Pallavi,Reviewed in India ğŸ‡®ğŸ‡³ on 11 December 2022,5.0 ,Nice ğŸ‘ in use,Easy to hold. best than wired mouse. properly working. Usefull product. I recommend it to buy.
285,Abdul Rajjak,Reviewed in India ğŸ‡®ğŸ‡³ on 4 January 2023,5.0 ,Mouse,
286,Abdul Rajjak,Reviewed in India ğŸ‡®ğŸ‡³ on 26 July 2021,5.0 ,I love it.,The media could not be loaded.
287,Pooja S,Reviewed in India ğŸ‡®ğŸ‡³ on 18 June 2022,4.0 ,"Works well, but range reduces if connected via adaptor on a MacBook",Â Mouse is very good QualityAnd work as very fast
288,Pooja S,Reviewed in India ğŸ‡®ğŸ‡³ on 12 November 2022,5.0 ,"Super useful, using for past many months","As it runs on battery, I treat it with care. I just want to be responsible for my part, I am sure the mouse is long-lasting. I just have a history of rough use lol. So every day after my work I switch off the mouse and put the USB thingy back into the mouse. sometimes I switch off the mouse even if I take a break. Sometimes I forget but I would really like to continue this good habit of switching it off after unuse. Sometimes I put it back into its plastic bag hahha. I love how it automatically connects to my laptop.  I think it should be beneficial to buy a mouse pad... As you can see in the picture, I use random books available at my house. I would recommend buying a mouse pad for the buyer as well. I hate touchpads on laptops. I don't understand the big deal about it anyway. On top of that, my touchpad of my laptop has been destroyed. (inappropriate use from my side I guess) . Using a wired mouse gets annoying after a point. I always have to make the sure the wire is out of the way. Even when shifting my laptop from one location to another in my house, It makes me super irritable. Imagine the irritation if I take this outside. When I purchased this mouse, I just realized it I need it in my life... hahahahha. My wired mouse had the same structure and was a  logitech mouse. it the same sorta mouse just without the wire. before purchasing I already knew how it would feel in my hands. I am happy I purchased it . I think you should go for it too!!!!!"
289,Santhosh BS,Reviewed in India ğŸ‡®ğŸ‡³ on 31 August 2022,4.0 ,Good to use mouse,Works fine no problem. For MacBook users: if planning to connect via adaptor (which also has other cables plugged in at same time: see photo) then range drops drastically. Shouldnâ€™t matter if u r working on a desk. But when i connected MacBook to TV via dongle (having hdmi + this mouse usb receiver to itâ€™s 2 ports) then i couldnâ€™t use mouse from my couch
290,Santhosh BS,Reviewed in India ğŸ‡®ğŸ‡³ on 9 September 2022,4.0 ,Good buy for minimal mouse,"Good quality, used for almost 5 months, easily glides, easy to hold and ergonomic. Lightweight. Buttons work well. Sensitivity is perfect. My laptop mousepad was becoming hard so this made things so much easier. Def recommend."
291,Rakshita Jadhav,15 September 2022,4.0 ,Love this product,
292,Mohammad Omar,3 November 2022,3.0 ,Windows/linux compatible,The media could not be loaded.
293,Siddn,25 December 2022,5.0 ,Good Build Quality,"Â Nice product, smooth and handy. It sometimes sticks on the screen but i guess it's because my system is old."
294,Siddn,29 November 2022,3.0 ,Average product,"Earlier i had linux system and this mouse used to work fine with it, but now I have changed to mac and this doesnâ€™t work with mac. I changed to Flipkart E703T which cost pretty much the same and have 2 interface (BT and wirelessUSB)"
295,saran,17 August 2022,4.0 ,It's too small for even normal hands,"Easy, Robust, Quality product"
296,Shivang J.,27 September 2022,4.0 ,Value for money... Great build quality,Getting noise from the wheel while scrolling with in a week.
297,Sandipan S,6 November 2022,5.0 ,Good,"The Mouse is too small and becomes kinda painful to use after sometime. For the price, they should have included side buttons for forward and backward"
298,Ankush kadam,6 November 2022,3.0 ,Good but not the best,Must buy...
299,Ankush kadam,26 September 2022,4.0 ,Good,"I use this product from last 6 months... It's comfortable, smooth to use..  nicely work...Not a single complaint till the date... Easy to connect with my lenovo laptop....easy to carry... Happy to use"
300,Raja,22 December 2022,5.0 ,Perfectly working and very comfortable,
301,Ayush Singh,5 December 2022,3.0 ,Good product,
302,Ayush Singh,5 November 2022,5.0 ,Worth for price,The media could not be loaded.
303,Pramodh s,26 December 2022,3.0 ,Good product,Â All over good but not that comfortable
304,Amazon Customer,18 February 2023,2.0 ,Poor quality,"Product is fully worth for the price, easy handling, i personally like it, scroll button was smooth..If you have large palm area, it's different to adjust for couple of days.."
305,Haddock,24 December 2022,5.0 ,Awesome product,Good product
306,ramya,2 December 2022,3.0 ,Light s not working,I bought the mouse considering the reliability expected from Logitech but was extremely disappointed as within 2 months of use the mouse wheel started malfunctioning. The issue is not whether Logitech will ultimately repair or replace but it is not worth our time to go to Logitech office some a small device like this. I will now have to buy another device and leave this to trash.
307,tgr,5 November 2022,5.0 ,Easy to use,Just too good
308,Deepak,23 November 2022,3.0 ,Problematic scroller,Lights not working  very disappointed.....
309,Deepak,30 November 2022,5.0 ,Very Good Product Worth buying it!,I use it with my laptop for like 3-4 hours daily and I haven't faced any problem with this productBuild quality is also goodIt's totally worth the price
310,Amazon Customer,18 December 2022,5.0 ,Best Buy!!,Scroller has started making noise in only 1 month of usage
311,Naushad,21 December 2022,5.0 ,Good,Goooooooodd
312,pankaj,11 March 2023,2.0 ,Gone bad within 2.5 months..the scroller is not working,This product has gone bad in just 2.5 months. Scroller doesn't work properly..
313,JIGNESH,25 September 2022,4.0 ,good,good product
314,Amazon Customer,13 December 2022,5.0 ,Best In Market...,Best In Market
315,JM,3 October 2022,5.0 ,Good product!,"Don't have to struggle with the touchpad anymore, so yay!It's efficient, easy to use and comfortable in any environment. Since you can change the cursor speed in your computer's settings, I find myself extremely inclined towards this mouse for daily use over the touchpad.I haven't used this product long enough to know if its long-lasting but we'll see."
316,Jawwad,11 March 2023,2.0 ,Scroll not working,Scroll not working after 4 months use.Rest is OK
317,Amazon Customer,27 November 2022,5.0 ,Good product,Started using it for the last two days. Bluetooth range is quite good.
318,Hareesh,31 August 2022,4.0 ,Good,Works seamlessly and well built. Scroll wheel can be better.
319,sujata Sonawane,16 March 2023,2.0 ,Very unstable,Not working properly
320,pranav pandit mukkawar,21 October 2022,5.0 ,Excellent product- value for money,The mouse feels premium and comfortable to hold...have some premium features considering the price of the product....i have change 4-5 mouse in past 2 years but this feels good in build quality and features wise also
321,shiyasmon,Reviewed in India ğŸ‡®ğŸ‡³ on 14 December 2022,5.0 ,same quality as higher price models,"quality, cheap"
322,Manoj kumar,Reviewed in India ğŸ‡®ğŸ‡³ on 9 March 2023,2.0 ,Not a good quality product.,Started malfunctioning within 3 months of usage
323,subramaian iyer,Reviewed in India ğŸ‡®ğŸ‡³ on 1 July 2022,5.0 ,"Used, thrown and used again!!","I use the wireless mouse for all day and it always works fine.During the lockdown days, I was away from home and had not stored the mouse in a secured place. Upon returning home after 6 months, I had to urgently download few from files from my home PC . I realized that I hadn't removed the battery from the mouse and started to worry if the mouse didn't work. Well, what do you know! The mouse worked just fine without a hiccup and I got my work sorted in a jiffy.Overall this wireless mouse is a must have."
324,Pankaj Mehta,Reviewed in India ğŸ‡®ğŸ‡³ on 1 August 2022,4.0 ,Very handy light product,I have been using this mouse for a very long time now. A good product and helps me keep.my hands away from Laptop.
325,Venkatesh Kokkiligadda,Reviewed in India ğŸ‡®ğŸ‡³ on 23 November 2022,5.0 ,Value for money,Good bulidQualityNice designValue for money ğŸ’²I buyed it for 450/-
326,Ranger,Reviewed in India ğŸ‡®ğŸ‡³ on 6 February 2023,2.0 ,Would not suggest to buy,"Pros : fasterCons:  doesn't click well, too small for the size for compared to other mouse that I placed in the picture.Suggested go for bigger mouse pay 200 extra get better ones."
327,Ranger,Reviewed in India ğŸ‡®ğŸ‡³ on 21 November 2022,5.0 ,Wonderful Product,Good Product i am Using Since last 2 Months but there is no any issue...
328,Vivekanand Tiwari,Reviewed in India ğŸ‡®ğŸ‡³ on 7 September 2022,4.0 ,Easy to use.,
329,Rajnish,Reviewed in India ğŸ‡®ğŸ‡³ on 13 December 2022,5.0 ,Good and comfortable to hold,The media could not be loaded.
330,Rajnish,Reviewed in India ğŸ‡®ğŸ‡³ on 25 November 2022,5.0 ,Does the job,Â I like it. But red led light is not there.
331,Sachin,25 July 2022,4.0 ,Good and durable,"It's very smooth and easy to hold, if u have big palms please avoid buying, I am ok with the holding position. So far so good and no complaints."
332,Devansh Rathore,25 August 2022,4.0 ,Good to have,Good to have this wireless mouse.Not for games.
333,shashi Ranjan,16 September 2022,4.0 ,Good,Good
334,Joshua,23 November 2022,5.0 ,Not silent but nice.,"It's not silent like the other one but it's nice, go for it."
335,Joshua,24 November 2022,5.0 ,Good product,"Writing the review after using for a week. Easy to install, smooth, easy to use"
336,Shruti Naidu,27 November 2022,5.0 ,Good to see,Easy to hold and good for official use
337,D Bibhab Ranjan Achari,2 November 2022,5.0 ,Good purchase,"Bought it during Amazon's Great Indian festival for just 315 rupees! It has great features like easy to hold, ergonomic and works on any surface smoothly."
338,Misra,30 November 2022,5.0 ,Very smooth and seamless operation,Great product for the price. Highly recommend it.
339,Raj,3 December 2022,5.0 ,Very small,Don't buy if u have big hands
340,Sandeep Reddy,2 December 2022,5.0 ,Compact nice design ... Liked it!!!,"Easy to hold, good design"
341,Amazon Customer,Reviewed in India ğŸ‡®ğŸ‡³ on 2 December 2022,5.0 ,Brilliant product,Very nice product.VFM.
342,rajivsingh,Reviewed in India ğŸ‡®ğŸ‡³ on 16 November 2022,3.0 ,Stopped working after 8 months,"Got it in feb 2022, stopped working on Nov 15 2022"
343,Sourav Kumar Haldar,Reviewed in India ğŸ‡®ğŸ‡³ on 4 November 2022,5.0 ,Excellent yet budget friendly,This one is a must have if you are using portable laptops. Easy to handle and very pocket friendly. Highly recommend this kne
344,Karthik B,Reviewed in India ğŸ‡®ğŸ‡³ on 5 March 2023,2.0 ,Scroll stopped working,Scroll stopped working within a month
345,Atharv Shrivastava,Reviewed in India ğŸ‡®ğŸ‡³ on 14 February 2022,4.0 ,Absolutely Great product,"Absolutely great , it's responsive and totally worth the price , i don't really feel any delay with this mouse , but the only thing i found a bit weird was it's weight distribution , it's weight distribution is a bit weird when you pick it up in your hand , but I don't really have any problem while using it as it's on a table so I don't feel any problem with it's weight distribution too."
346,Anand,Reviewed in India ğŸ‡®ğŸ‡³ on 7 November 2022,5.0 ,Glad to make this purchase,Battery management is great.Simple and very handy design.Definitely recommended for a budget purchase.Has a premium feel.
347,VEERABHADRAYYA,Reviewed in India ğŸ‡®ğŸ‡³ on 4 September 2022,4.0 ,good,Nice working
348,Santanu Roychowdhury,Reviewed in India ğŸ‡®ğŸ‡³ on 9 October 2022,5.0 ,Good one,"Good product.But keep one thing in mind, you will not find that red light on the bottom. Initially I was confused a bit and thought I received a defective product, but then I tested that and found it's all good."
349,Khan,Reviewed in India ğŸ‡®ğŸ‡³ on 30 August 2022,4.0 ,Good product,Good product
350,Khan,Reviewed in India ğŸ‡®ğŸ‡³ on 24 November 2022,5.0 ,Works perfectly fine and is value fr money.,"Reasonable price, ergonomic, sleek and works perfectly fine."
351,Mahar,1 September 2022,4.0 ,Good,Good
352,Ritwik Raj,7 December 2022,5.0 ,the mouse is working properly.,the mouse is working properly.
353,Soham Sane,27 July 2022,4.0 ,Good for casual/work pc users.,"Although it hangs very rarely, most of it because of batteries or the usb driver."
354,Lekshmi,30 March 2023,4.0 ,Nice product,"I liked this product and it is very easy to use, but the packaging method is very poor. It should be packed very carefully and ensure that it will not damage."
355,Lekshmi,1 September 2022,4.0 ,good,ok
356,Amazon Customer,17 November 2022,3.0 ,Consume to much cells,Nice but ready to fill cell often
357,kanu parmar,10 November 2022,5.0 ,Excellent item,
358,sanker evooran,20 November 2022,3.0 ,Too small in size,The media could not be loaded.
359,sanker evooran,12 October 2022,5.0 ,Bang for the buck,"Â I placed an order of Logitech wireless mouse, first they delivered wrong and faulty item,they replaced the item with in few days, it's an excellent from Logitech"
360,amit sharma,19 August 2022,4.0 ,Nothing to  complain,Too small to hold
361,Kindle Customer,Reviewed in India ğŸ‡®ğŸ‡³ on 20 August 2022,4.0 ,Elegant and tough piece,Good Value for money device
362,Tanmaya Patra,Reviewed in India ğŸ‡®ğŸ‡³ on 10 October 2022,5.0 ,SCROLL wheel not working after 1 Month of use. very Disappointment !!,SCROLL wheel not working after 1 Month of use. It is very Disappointment !!Too small to hold. Those who work 10 hours a day or more could find difficult to operate with this size
363,Tanmaya Patra,Reviewed in India ğŸ‡®ğŸ‡³ on 4 November 2022,5.0 ,Genius Design,
364,Ainal Haque,Reviewed in India ğŸ‡®ğŸ‡³ on 21 November 2022,3.0 ,Not good,The media could not be loaded.
365,Prabhu2812,Reviewed in India ğŸ‡®ğŸ‡³ on 23 February 2023,2.0 ,too small,"Â The product is a very nicely designed. Comfort of holding depends on the size of ones palm. The USB Dongle is housed inside the Mouse, alongside the battery."
366,Indumathi E,Reviewed in India ğŸ‡®ğŸ‡³ on 18 January 2023,2.0 ,Mouse worked properly only till six months,Ok
367,Indumathi E,Reviewed in India ğŸ‡®ğŸ‡³ on 14 August 2022,4.0 ,Okay okay,"looks like a good quality product, but too small"
368,RoyBot,Reviewed in India ğŸ‡®ğŸ‡³ on 23 November 2022,5.0 ,Good Product Work Nicely,"Mouse worked fine for six months, but it's not working properly now. Issue is with scroll and click. On single click most of the time it's clicking double. Scroll wheel is not working at all. Useless product after six months of use."
369,Prakhar singh thakur,Reviewed in India ğŸ‡®ğŸ‡³ on 26 December 2022,5.0 ,User interface and compatibility,Aacha h bs thoda chota h
370,Ankush Verma,Reviewed in India ğŸ‡®ğŸ‡³ on 9 November 2022,5.0 ,Go for it . Best buy,Good Product Work Nicely
371,Souvik Bose,Reviewed in India ğŸ‡®ğŸ‡³ on 27 November 2022,5.0 ,This is a awesome product in the most cheapest price possibleâ¤ï¸ğŸ˜ƒ,Good product...
372,Souvik Bose,Reviewed in India ğŸ‡®ğŸ‡³ on 20 August 2022,4.0 ,Worth of money..,"Grabbed it for 399/- a bit small for my hands but very good build quality and over good weight, doesn't feel cheap at all. switches are nice too, have soft sounding clicky feel to it like you get on more expensive mouse"
373,Manish Rathod,Reviewed in India ğŸ‡®ğŸ‡³ on 23 September 2022,5.0 ,Good build quality,very good product
374,Aditya Karmakar,Reviewed in India ğŸ‡®ğŸ‡³ on 24 November 2022,5.0 ,very good product in this price range,
375,Aditya Karmakar,Reviewed in India ğŸ‡®ğŸ‡³ on 16 August 2022,4.0 ,It's really a good and budget friendly product,The media could not be loaded.
376,Amazon Customer ,Reviewed in India ğŸ‡®ğŸ‡³ on 6 July 2022,4.0 ,Good in this price range,Â It's really a good and budget friendly product.
377,Amazon Customer ,Reviewed in India ğŸ‡®ğŸ‡³ on 20 November 2022,5.0 ,"Quality product, blissful clicks",For this price canâ€™t find any other good mouse.Iâ€™ll update the review after using it for 4-6 weeks
378,Krishnendu Ganguly,Reviewed in India ğŸ‡®ğŸ‡³ on 20 November 2022,5.0 ,Good product,"Quality product, blissful clicks"
379,Krishnendu Ganguly,Reviewed in India ğŸ‡®ğŸ‡³ on 8 August 2022,4.0 ,Value for the Money.,Go for it
380,SANTOSH YADAV,Reviewed in India ğŸ‡®ğŸ‡³ on 28 September 2022,5.0 ,Perfect for day to day use. ğŸ‘ğŸ‘,Value for the Money.
381,Senthilg,Reviewed in India ğŸ‡®ğŸ‡³ on 18 November 2022,5.0 ,Very nice and good performance,Very nice and good performance
382,Amazon Customer,Reviewed in India ğŸ‡®ğŸ‡³ on 16 August 2022,4.0 ,Value for money,Easy to hold
383,MAHESH KUMAR,Reviewed in India ğŸ‡®ğŸ‡³ on 14 August 2022,4.0 ,Good for office use,Good
384,Rishikesh kumar,Reviewed in India ğŸ‡®ğŸ‡³ on 1 July 2021,4.0 ,After using about 2 years ( second purchase),"Pros:1. The mouse is very comfortable to use.2. Great with the battery life. ( Single battery is able to run for almost a year in normal use )3. Small size makes it very comfortable to use.Cons:1. As I bought this again fist one stopped working.2. So, not that much reliable.3. Hard to contact with customer care they don't respond easily.And I am also facing some problem with the new one sometimes it doesn't work, for that trying to reach withcustomer care. But not able to contact with them.Suggestion:If you want the mouse for rough and tough use then, I don't prefer it as good .and if you want normal regular use then it is good to go for it.else you can go with higher range."
385,Rishikesh kumar,Reviewed in India ğŸ‡®ğŸ‡³ on 19 June 2022,4.0 ,Price is OK But quality level is low.,Mouse is very good. I use it for my laptop at home. Works very fine. Easy to handle. Light weight. Not smooth and soft. Sound of the wheel irritates.
386,Chandra Sekhar Misra,Reviewed in India ğŸ‡®ğŸ‡³ on 18 February 2023,2.0 ,Cannot expect to long life.,Its been just 4 months and scrolling wheel does not work.
387,Harsh R.,Reviewed in India ğŸ‡®ğŸ‡³ on 11 February 2023,2.0 ,Very bad experience,Nanao receiver not there in the box and no replacement received yet it's been 3 days
388,Aditya S.,Reviewed in India ğŸ‡®ğŸ‡³ on 9 October 2022,5.0 ,Nice product. I loved it.,"I liked it for its ergonomic design and sleep mode feature. I loved it. Being in 65+ age group, I am really very comfortable with this mouse rather than using touchpad."
389,Basant,Reviewed in India ğŸ‡®ğŸ‡³ on 4 November 2022,5.0 ,One of best Bluetooth mouse,Quality is very good. Performance is outstanding. The seller is very. Thanks lot.
390,SANJAYA KUMAR PRADHAN ,Reviewed in India ğŸ‡®ğŸ‡³ on 18 November 2022,5.0 ,fit to hold in hand for any one,good
391,Subhankar,16 February 2023,2.0 ,Mouse,I bought in 2022 and now it stopped working
392,Umesh Attri,1 August 2022,4.0 ,Battery life issue,Battery life not good ...
393,S Anwar,5 January 2023,2.0 ,Bad product.,Barely size months after the purchase the wheel for scrolling was malfunctioning. And two more months later it's practically useless. The only reason I use it is because it is wireless. But it's become so bad that I'm dumping it. That's less than one year of use after purchase.
394,Aravind Kumar,9 October 2022,5.0 ,Best Budget Friendly Product in Mouse Segment,Previously I have used this product for almost 5 years and durability is best we can use it properly for almost some years depends on usage.
395,Amazon Customer,17 February 2023,2.0 ,Mouse click is not great,Mouse click is not great and some time doesn't work
396,Rakesh ,7 November 2022,5.0 ,Perfect,Awsome Good Brand Price Resonable Free Pencil cell
397,Kamali,8 August 2022,4.0 ,Handy Mouse,Easy to use
398,Aadi,10 November 2022,5.0 ,Working fine,"Working as fine, same as all Logitech products"
399,DPD,15 December 2022,5.0 ,Good,
400,Shailesh Kumar,23 October 2022,5.0 ,Value for money,The media could not be loaded.
401,Y J,4 February 2022,4.0 ,Not compatible with Mac Mini M1,"Let me rephrase that, I've been using this mouse for over 7 days with my new Mac Mini M1 and I have been facing heavy lag and bluetooth connectivity issues even though its barely a feet away from my Mac. Not sure if the problem is with the MacOS but I've used other mouses with it and they worked significantly better than this."
402,NEEL MANVE,15 November 2022,5.0 ,Simple and Good,"Good, simple and best"
403,Ramaprasad Banakar,12 November 2022,5.0 ,Very nice,Very nice and worthy.. and durable
404,Ajoy John,15 May 2022,4.0 ,"I liked it, but for a few cons...","I really liked it. It is easy to use and stylish. But a few cons. I wish it was a wee bit bigger. Sometimes, it slips on my tabletop and funny things happen... Not much to crib about. I would certainly recommend it."
405,Rahul Kumar,28 September 2022,5.0 ,The product works as required,The product was a bit confusing as the light etc does not actually work or have any significance. The product works as required and for the price you can't really complain.
406,Hari Vignesh,11 November 2022,5.0 ,Value for money,Nice product to use
407,Mahesh kanade,23 February 2023,2.0 ,Not handy,Worst product
408,Ritika,12 September 2022,3.0 ,"good product, but didn't get my cashback of 150rs which i was expected to","the product is good, though i expected it to be 450rs after cashback which I didn't receive from amazon, which i was supposed to after registering for using the postpaid limit on amazon and buying using same."
409,ABHISHEK NEGI,22 April 2022,4.0 ,Great design but range should be more,"The range is hardly 4 meters and after that it begins skipping control over clicks and hover...the design is the best I have ever seen, look feel click feedback everything else is superb. Definitely a worth it buy for close range users (<4meters)"
410,Kiran Francis,14 November 2022,5.0 ,Worth for the money,Good product
411,Taimoor,Reviewed in India ğŸ‡®ğŸ‡³ on 6 July 2022,4.0 ,Feels and works real good!,The mouse is light to use. It fits perfectly and is really smooth.
412,Deepak Nivrutti Jadhav,Reviewed in India ğŸ‡®ğŸ‡³ on 11 August 2022,4.0 ,Very good,Very good
413,Vijaykumar.M,Reviewed in India ğŸ‡®ğŸ‡³ on 7 November 2022,5.0 ,Good quality,I liked the keyboard and mouse quality.
414,Vijaykumar.M,Reviewed in India ğŸ‡®ğŸ‡³ on 29 October 2022,5.0 ,Good to buy,"Using from 3 months, no issues so far, good to buy."
415,Kantharaju,Reviewed in India ğŸ‡®ğŸ‡³ on 17 November 2022,5.0 ,Nice mouse,Comfortable to use
416,Amazon Customer,Reviewed in India ğŸ‡®ğŸ‡³ on 5 November 2022,5.0 ,Nice and up to the mark!,Nice and up to the mark !
417,Vijay Sriramoju,Reviewed in India ğŸ‡®ğŸ‡³ on 13 July 2022,4.0 ,Worth the money,"Pretty small in size, but good quality make, worth the money"
418,THOSHY FELIX,Reviewed in India ğŸ‡®ğŸ‡³ on 29 October 2022,5.0 ,Value for money,It is easy to install and good to hold and use.
419,Renga,Reviewed in India ğŸ‡®ğŸ‡³ on 10 July 2022,3.0 ,Size & Functionality,"This mouse is a bit small, If you have previously used wired mice from dell/HP, this will seem very small. This cannot fit properly on my palm and will take some time to get used to it.The scroll button isn't smooth as well.You can go for this, however, if you are getting a better deal at this price, this one can be ignored."
420,AFROZ SHAIKH,Reviewed in India ğŸ‡®ğŸ‡³ on 28 September 2022,3.0 ,Mouse is small in size.Not for big handed peoples,Mouse is small for people with big hand size.Allthough mouse is good but not compatbile for me. As I got hand pain due to its small size.
421,Karim,Reviewed in India ğŸ‡®ğŸ‡³ on 31 October 2022,3.0 ,Product is ok,Good product but used mouse delivered.
422,Melvin Mary Vincent,Reviewed in India ğŸ‡®ğŸ‡³ on 11 November 2022,5.0 ,very good quality,good quality..long lasting....
423,Sagarkaura,Reviewed in India ğŸ‡®ğŸ‡³ on 11 November 2022,5.0 ,Good for work,Good product
424,Raj,Reviewed in India ğŸ‡®ğŸ‡³ on 16 October 2022,3.0 ,AMAZON SERVICE IS VERY WASTE,"Product is goodBut amazon delivery boys are not giving timely delivery these days, amazon's service is very poor."
425,HKS,Reviewed in India ğŸ‡®ğŸ‡³ on 30 October 2022,5.0 ,Smooth usage,Very smooth usage. The click is not irritating at all.
426,Gaurav K,Reviewed in India ğŸ‡®ğŸ‡³ on 12 November 2022,5.0 ,GoodğŸ‘ one,Works well
427,hardeep,Reviewed in India ğŸ‡®ğŸ‡³ on 9 November 2022,5.0 ,Very gud,Very gud
428,hardeep,Reviewed in India ğŸ‡®ğŸ‡³ on 13 November 2022,5.0 ,Good quality,Good
429,Atharva chandras,Reviewed in India ğŸ‡®ğŸ‡³ on 30 August 2022,5.0 ,"Used it for 3 years , rough use, worked perfectly","bought this mouse back in 2020 , used it till now , it fell down quite a couple of times through the years, still worked right , just stopped working after a hard fall , i recommend it for everyone wanting a cheap mouse"
430,Reviewer ,Reviewed in India ğŸ‡®ğŸ‡³ on 10 February 2022,4.0 ,Incomplete package,Product got delivered today. Tha mouse package bit damaged but it's ok. The USB is inside the mouse next to the battery. It was a miss from my end and not seller.I got the replacement but in the original delivery also it should be there. The replacement was quick and thank you for that
431,Reviewer ,Reviewed in India ğŸ‡®ğŸ‡³ on 30 October 2022,3.0 ,Bad quality,Optic light is not working. Not for big hand.
432,Anuradha Duarah,Reviewed in India ğŸ‡®ğŸ‡³ on 27 October 2022,5.0 ,Satisfactory,"Light weight, easy to hold. Has turn off switch at the bottom."
433,Placeholder,Reviewed in India ğŸ‡®ğŸ‡³ on 16 May 2022,5.0 ,Fantastic Product,"Nothing as for me to dislike the mouse for...Comes with a battery included, is one of the cheapest wireless ones out there and is very comfortable in the hand and can be used for hours of work..I have been using it for a month as of now and no defect has been spotted so far, its a plug and play mouse and i would recommend any one surfing thru the comment section to buy this product for themselves."
434,Raju,Reviewed in India ğŸ‡®ğŸ‡³ on 6 June 2022,4.0 ,"Did not regret ordering this mouse, it is great!","I will give 5 star to this product, it is very comfortable to use, it's size is also comfortable and response time is also quick."
435,Danny,Reviewed in India ğŸ‡®ğŸ‡³ on 18 September 2022,5.0 ,Nice but get faulty soon,Service is niceThis mouse got faulty 3 time just before completing a year but best part is everytime service centre given me a new mouse. Still using the last one and it's been 1.5 years now.
436,Aman Sharma,Reviewed in India ğŸ‡®ğŸ‡³ on 30 October 2022,3.0 ,Grip not good,"grip is something to complain about, otherwise a smooth accurate mouse"
437,Partha biswas,Reviewed in India ğŸ‡®ğŸ‡³ on 30 March 2022,3.0 ,Duplicate or Discontinued Product,"Build: GoodBattery Backup: GoodWorking: Good  Scrolling: Bad  Left Click: Good  Right Click: GoodShould I go for it: At your own risk (Why? Read below)This product scroll button stopped working within the warranty period.But to my surprise, this product is not available on Logitech's official site for warranty claims. Either Amazon India is selling a discontinued product or it is a duplicate one. When you search for this model it is visible on most of the Ecom sites except Logitech.If you are lucky you may not face this issue as many others are facing. Except these other features are working fine for me for the last 10 months. After using 7-8 months scrolling feature gave up."
438,Rakesh P,Reviewed in India ğŸ‡®ğŸ‡³ on 2 April 2022,5.0 ,Not the mouse you should buy,"I bought two of these. One last for 4 months only. All the while the tracking would go haywire. Itwas the most frustrating experience, but these problems starts after one month of use. Finally I dumped the first one.I started using the 2nd one fresh out of the packing. This one had all the tracking problems right from day one. I could not use it for more than a few hours, I have now put it back in the box and might use it only in emergency situations.Low quality product. Recommend to NOT buy."
439,Sasha,26 January 2023,2.0 ,It squeaks and a little smaller than my last mouse,Disliked that the mouse track squeaks making using it a noisy experience especially in office. Its also small for bigger hands.
440,Raju,2 November 2022,5.0 ,Impressed...,This is definitely the best one...
441,Bibhav ranjan das,16 July 2022,3.0 ,Just bought it,I am just giving it three stars for now because I just bought it. Reading the reviews it seems like scroll button is a joke. I will edit it in three months. If it works properly I will increase the rating to 5 stars. If the scroll wheel malfunction I will reduce the rating to zero stars.
442,Ryan Oliver,8 July 2022,4.0 ,Great Product and checks all the boxes.,Easy to use - just plug and play. Very smooth to operate.
443,Hemal Shah,29 September 2022,3.0 ,average product,Its economy model. Good who is using less but those who are using 4 to 5 hours for that this is not good quality.
444,PS,27 October 2022,5.0 ,Best at this price,Comfortable handling. Clicking makes some noise but it's ok at this price.
445,Ashfaq Shaikh,8 November 2022,5.0 ,Best,Best
446,Tonmoy Baruah,12 October 2022,3.0 ,Very delicate,Can stop working with a minor fall. Quality of plastic is not good. Doesnâ€™t work on all surfaces
447,Biproditya Das,4 November 2022,5.0 ,Good Product in low price,Good Product in low price
448,Salman,26 April 2022,4.0 ,"A little too small, but works fine.","A little too much on the faster DPI side but the overall value for money is okay, the packaging sucks.,had  to return it twice once it was used and the other time got a faulty product"
449,Gopalakrishnan.P,26 October 2022,5.0 ,Budget frienldly,very good at the pricedo what its meant to
450,K V S N Murthy,12 October 2022,5.0 ,Value for money,Good product at this price of Rs.399. I purchased M170 offline for Rs.550 and there is no difference between the two
451,Rajkumar,3 November 2022,5.0 ,Good,Good one at low price
452,Subhendu De,7 November 2022,5.0 ,Good,Like this
453,Jogaraj Sharma adhikari,7 November 2022,5.0 ,Good,Best mouse ever
454,Deepak J,7 November 2022,5.0 ,Excellent,Excellent product
455,Raktim Talukdar,22 October 2022,5.0 ,Works flawlessly,"Great wireless mouse at the right price. And yes, works on linux."
456,khan,14 October 2022,5.0 ,Very smooth functioning,One of the best Mouse I have used. Very smooth functioning.I would recommend this.
457,User,28 October 2022,3.0 ,Good to use,"Small, compact and good to use"
458,Ramakant prasad,7 November 2022,5.0 ,Nice,Nice
459,ANIKET PATEL,18 July 2022,4.0 ,Built quality improve,Hand grips not proper
460,RAGINI,25 October 2022,5.0 ,Good product for office laptop,Good to use after 3 weeks of uses.
461,Junedkhan,20 October 2022,5.0 ,Worth it,At these price this item is worthyIt's useful for regular normal work
462,Sanket Bhandari,3 November 2022,5.0 ,Ergonomically perfect,"The previous wireless external mouse I had purchased had so many battery & sensitivity issues that I found it very annoying towards the end, before having to finally discard it. It was another brand. Had used it for nearly 5 years, so can't complain much.Was a bit apprehensive while purchasing this one.Turned out to be fine so far. Haven't used it for gaming purposes yet. It's convenient & even the delivery was fast. This was 1 Amazon product that will forever hold a fond memory in my heart because the delivery executive actually allowed me to open the package & test it before paying.Had never been able to do that with any package before. Have never been able to do that with any package since."
463,Sanket Bhandari,1 May 2021,4.0 ,Budget friendly & hassle free,"Very pleased with this purchase. Great price, wonderful to use. Highly recommend this Logitech mouse."
464,SC,19 October 2022,5.0 ,Excellent!,"Packing is worst, got crushed box with paper wrapper. But Product is so good, worth buying!"
465,Sabbah Haji,1 October 2022,3.0 ,"Product is good, but worst packing",go for this mouse if u want snappy work and comfortable hold
466,Sabbah Haji,20 October 2022,5.0 ,The Best Mouse for Work,"After using the Logitech b170 wireless mouse, everything is fine except scroll wheel. When i scroll up or down it stucks and behave abnormally. Like if i scroll down, it scrolls both up and down and doesn't move further. The same issue I informed to customer support before warranty so they asked me to courier to their manufacturing place. instead i thought of purchasing some other wireless mouse."
467,Kiruba,25 June 2022,3.0 ,Review after using for a year,"I was using Logitech M235 for almost 2 years now, but all of a sudden pores/swells/lumps filled with oily liquid started to appear on its rubber part of the body where fingers were getting in contact with it. So being fear full of it being something like carcinogenic, I had to just change the mouse.After doing some searched I narrowed down on this one, since it doesn't seem to have rubbery body and is of plastic, so it probably won't suffer the same fate.Now to the product itself, I'll compare it with M235 quite often as I have used it for 2 years and it is in same price.1. It is larger than M235, just little but I actually appreciate it as it is much better to handle in slightly thicker hands.2. It is very smooth operating, I've used it on wooden rest as well as floor and it works quite well, almost better than M235 as I was using it for 2 years3. On off button is very convenient to use as its design is better than M2354. It is aesthetically way more appealing tan M2355. Plug and play, I used it on both Linux and Windows and it doesn't require anything other than simply putting the USB thing in USB slot, mouse starts working ASAPCons1. It is retaining some oily fingers, should be easy to clean but  still I found it more likely to get dirtier than M235 due to black body2. No light to indicate battery status, could be both +ve and -ve, but I would rather have it than not3. Packaging was very bad, that box came in almost crushed, but my product was okay so I didn't complain but it wont happen all the timeOverall it is wonderful mouse for Rs 499/-Would recommend, I can't yet comment on battery life as it is still early, but hopefully it will last for some time.Regards"
468,Milee Murmu,1 October 2021,4.0 ,Best economic and very good product,"Sexy design , slim , textured , side cuts are very good. Weight is exactly what is to be....not too heavy nor to light. Very appropriate size for any user. Bought this for general purpose and illustrator... Used this mouse almost more than 6-7 months.Note: There is no led light blinking ....( I thought ""Ohhh...f.... I got damaged product"" ) ğŸ˜… but the infrared light don't illuminate on this mouse and therefore it saves battery for longer run."
469,Milee Murmu,11 October 2022,5.0 ,Fully working,Thoda button quality or acha hona chahiye tha dekte hain kitne din chl pata hai ğŸ˜Š
470,Rambabu Meena,27 October 2022,5.0 ,Easy accessible,"Nice product, worth buying it"
471,shweta,26 May 2022,4.0 ,Authentic Product,Good product better buy this one. You will not regret unless you get it little cheaper in your local stores.
472,Cheki Wangchuk,21 October 2022,3.0 ,Light is not working,Back led light not working
473,kumareshan,21 September 2021,4.0 ,Its Quite Good,"I am Using It From Past 1 Month And I Have A Good Experience It's Connects To My Laptop So Fast And It Is Very Light Mouse.But Some Time I Have Issue With The Size Of Mouse And It's Shape , Mouse Is Very Small And It's Also In A Round Up Shape That's Why It Can Problem U In The Starting But after sometime U Will Be Comfortable .Thanks. Btw Subscribe To Ariz Mono Gaming #its_me"
474,Saif ,1 November 2022,5.0 ,Good,Good
475,Saif ,26 July 2022,4.0 ,Best price,Match to price
476,AmazonUser,12 April 2021,4.0 ,Average Performance,"I have been using this mouse for more than 8 months now. For the price point, I believe the performance could have been better.- Very low quality ""plasticy"" feeling- Clicks very tacky- If you are a heavy user, then you would need occasional cleaning of the mouse as the scroll becomes very jumpy due to grime settling on the scroll wheel axle.I have used their G series also and based on the performance those mice offer, I feel they should offer more on such entry level basic mice. Basically give something better than what other regular mice offer.There is nothing that stands out in this mouse for me to actually recommend it. But yeah.. it gets the work done."
477,DEEP KUMAR V S,19 October 2022,5.0 ,Value for money,Works as expected and has a decent bluetooth range as well
